id;image_url;image;image_content_type
1;New Hampshire Devolved panel;../fake-data/blob/hipster.png;image/png
2;reinvent encompassing Louisiana;../fake-data/blob/hipster.png;image/png
3;payment leverage SQL;../fake-data/blob/hipster.png;image/png
4;Bedfordshire Stravenue;../fake-data/blob/hipster.png;image/png
5;connecting Democratic People's Republic of Korea Turnpike;../fake-data/blob/hipster.png;image/png
6;copy;../fake-data/blob/hipster.png;image/png
7;global;../fake-data/blob/hipster.png;image/png
8;grid-enabled time-frame silver;../fake-data/blob/hipster.png;image/png
9;Costa Rica microchip;../fake-data/blob/hipster.png;image/png
10;Synchronised Mandatory;../fake-data/blob/hipster.png;image/png
