id;branch_id;name;discription;tenant_id
1;79829;deposit;extend Unbranded Fresh Pants Tools;Practical North Dakota
2;3594;Dale;Specialist generating;Computers Small Fresh Gloves back-end
3;12706;South Georgia and the South Sandwich Islands;composite Orchestrator Club;Intelligent Granite Shirt Peru deposit
4;72609;Strategist;card Licensed Cotton Ball;mindshare Gorgeous
5;2535;Brand;infomediaries Som Rustic Frozen Keyboard;Enterprise-wide Benin
6;71459;invoice;invoice;alarm Jamaica
7;61172;paradigms Organic strategic;Steel leading-edge Small;Incredible Fresh Chips
8;70365;Bridge;connect;Hollow Shoes systems
9;39850;Personal Loan Account;HTTP explicit;Personal Loan Account
10;50313;EXE payment;Checking Account;invoice Outdoors New York
